{"nm":"Bot05","ddd":0,"h":1000,"w":1000,"meta":{"g":"@lottiefiles/toolkit-js 0.33.2"},"layers":[{"ty":5,"nm":"NO!","sr":1,"st":117,"op":291,"ip":69,"hd":false,"ddd":0,"bm":0,"hasMask":false,"ao":0,"ks":{"a":{"a":0,"k":[0,0,0],"ix":1},"s":{"a":0,"k":[100,100,100],"ix":6},"sk":{"a":0,"k":0},"p":{"a":0,"k":[350,-63,0],"ix":2},"r":{"a":0,"k":0,"ix":10},"sa":{"a":0,"k":0},"o":{"a":1,"k":[{"o":{"x":0.167,"y":0.167},"i":{"x":0.833,"y":0.833},"s":[100],"t":101},{"o":{"x":0.167,"y":0.167},"i":{"x":0.833,"y":0.833},"s":[0],"t":107.129},{"o":{"x":0.167,"y":0.167},"i":{"x":0.833,"y":0.833},"s":[0],"t":120.406},{"o":{"x":0.167,"y":0.167},"i":{"x":0.833,"y":0.833},"s":[100],"t":126.535},{"o":{"x":0.167,"y":0.167},"i":{"x":0.833,"y":0.833},"s":[100],"t":139.813},{"o":{"x":0.167,"y":0.167},"i":{"x":0.833,"y":0.833},"s":[0],"t":145.939},{"o":{"x":0.167,"y":0.167},"i":{"x":0.833,"y":0.833},"s":[0],"t":159.219},{"o":{"x":0.167,"y":0.167},"i":{"x":0.833,"y":0.833},"s":[100],"t":165.346},{"o":{"x":0.167,"y":0.167},"i":{"x":0.833,"y":0.833},"s":[100],"t":178.623},{"o":{"x":0.167,"y":0.167},"i":{"x":0.833,"y":0.833},"s":[0],"t":184.752},{"o":{"x":0.167,"y":0.167},"i":{"x":0.833,"y":0.833},"s":[0],"t":198.029},{"o":{"x":0.167,"y":0.167},"i":{"x":0.833,"y":0.833},"s":[100],"t":204.158},{"o":{"x":0.167,"y":0.167},"i":{"x":0.833,"y":0.833},"s":[100],"t":217.436},{"o":{"x":0.167,"y":0.167},"i":{"x":0.833,"y":0.833},"s":[0],"t":223.564},{"o":{"x":0.167,"y":0.167},"i":{"x":0.833,"y":0.833},"s":[0],"t":236.842},{"o":{"x":0.167,"y":0.167},"i":{"x":0.833,"y":0.833},"s":[100],"t":242.971},{"o":{"x":0.167,"y":0.167},"i":{"x":0.833,"y":0.833},"s":[100],"t":257},{"o":{"x":0.167,"y":0.167},"i":{"x":0.833,"y":0.833},"s":[0],"t":263.396},{"o":{"x":0.167,"y":0.167},"i":{"x":0.833,"y":0.833},"s":[0],"t":276.676},{"s":[100],"t":283}],"ix":11}},"ef":[],"t":{"m":{"a":{"a":0,"k":[0,0],"ix":2},"g":1},"p":{},"a":[],"d":{"k":[{"s":{"f":"SegoeUI-Bold","s":57,"t":"NO!","fc":[0.9882,0.9882,0.9882],"lh":68.4,"tr":0,"j":2,"ca":0},"t":0}]}},"ind":1,"parent":2},{"ty":4,"nm":"Shape Layer 3","sr":1,"st":117,"op":291,"ip":69,"hd":false,"ddd":0,"bm":0,"hasMask":false,"ao":0,"ks":{"a":{"a":0,"k":[223.5,23.25,0],"ix":1},"s":{"a":1,"k":[{"o":{"x":0.167,"y":0.167},"i":{"x":0.424,"y":1},"s":[0,0,100],"t":73},{"o":{"x":0.333,"y":0},"i":{"x":0.667,"y":1},"s":[104.344,104.344,100],"t":82},{"o":{"x":0.333,"y":0},"i":{"x":0.361,"y":1},"s":[97.615,97.615,100],"t":93},{"o":{"x":0.167,"y":0.167},"i":{"x":0.833,"y":0.833},"s":[100,100,100],"t":108},{"o":{"x":0.167,"y":0},"i":{"x":0.833,"y":0.833},"s":[100,100,100],"t":285},{"s":[0,0,100],"t":293}],"ix":6},"sk":{"a":0,"k":0},"p":{"a":0,"k":[723.5,523.25,0],"ix":2},"r":{"a":0,"k":0,"ix":10},"sa":{"a":0,"k":0},"o":{"a":0,"k":100,"ix":11}},"ef":[],"shapes":[{"ty":"gr","bm":0,"hd":false,"mn":"ADBE Vector Group","nm":"Rectangle 1","ix":1,"cix":2,"np":3,"it":[{"ty":"rc","bm":0,"hd":false,"mn":"ADBE Vector Shape - Rect","nm":"Rectangle Path 1","d":1,"p":{"a":0,"k":[0,0],"ix":3},"r":{"a":0,"k":34,"ix":4},"s":{"a":0,"k":[183,159],"ix":2}},{"ty":"sh","bm":0,"hd":false,"mn":"ADBE Vector Shape - Group","nm":"Path 1","ix":2,"d":1,"ks":{"a":0,"k":{"c":true,"i":[[0,0],[0,0],[0,0]],"o":[[0,0],[0,0],[0,0]],"v":[[24.25,21.25],[-123.25,108],[-39.5,-5.5]]},"ix":2}},{"ty":"fl","bm":0,"hd":false,"mn":"ADBE Vector Graphic - Fill","nm":"Fill 1","c":{"a":0,"k":[0.2275,0.2235,0.2902],"ix":4},"r":1,"o":{"a":0,"k":100,"ix":5}},{"ty":"tr","a":{"a":0,"k":[0,0],"ix":1},"s":{"a":0,"k":[100,100],"ix":3},"sk":{"a":0,"k":0,"ix":4},"p":{"a":0,"k":[346.5,-83.5],"ix":2},"r":{"a":0,"k":0,"ix":6},"sa":{"a":0,"k":0,"ix":5},"o":{"a":0,"k":100,"ix":7}}]}],"ind":2},{"ty":4,"nm":"Shape Layer 2","sr":1,"st":0,"op":389,"ip":0,"hd":false,"ddd":0,"bm":0,"hasMask":false,"td":1,"ao":0,"ks":{"a":{"a":0,"k":[8,-24,0],"ix":1},"s":{"a":0,"k":[100,100,100],"ix":6},"sk":{"a":0,"k":0},"p":{"a":0,"k":[8,-24,0],"ix":2},"r":{"a":0,"k":0,"ix":10},"sa":{"a":0,"k":0},"o":{"a":0,"k":100,"ix":11}},"ef":[],"shapes":[{"ty":"gr","bm":0,"hd":false,"mn":"ADBE Vector Group","nm":"Ellipse 1","ix":1,"cix":2,"np":2,"it":[{"ty":"el","bm":0,"hd":false,"mn":"ADBE Vector Shape - Ellipse","nm":"Ellipse Path 1","d":1,"p":{"a":0,"k":[0,0],"ix":3},"s":{"a":0,"k":[656,656],"ix":2}},{"ty":"fl","bm":0,"hd":false,"mn":"ADBE Vector Graphic - Fill","nm":"Fill 1","c":{"a":0,"k":[0.9922,0.7373,0.0902],"ix":4},"r":1,"o":{"a":0,"k":100,"ix":5}},{"ty":"tr","a":{"a":0,"k":[0,0],"ix":1},"s":{"a":0,"k":[100,100],"ix":3},"sk":{"a":0,"k":0,"ix":4},"p":{"a":0,"k":[8,-24],"ix":2},"r":{"a":0,"k":0,"ix":6},"sa":{"a":0,"k":0,"ix":5},"o":{"a":0,"k":100,"ix":7}}]}],"ind":3,"parent":5},{"ty":0,"nm":"boat","sr":1,"st":-1146,"op":387,"ip":0,"hd":false,"ddd":0,"bm":0,"tt":1,"hasMask":false,"ao":0,"ks":{"a":{"a":0,"k":[500,500,0],"ix":1},"s":{"a":0,"k":[100,100,100],"ix":6},"sk":{"a":0,"k":0},"p":{"a":0,"k":[500,500,0],"ix":2},"r":{"a":0,"k":0,"ix":10},"sa":{"a":0,"k":0},"o":{"a":0,"k":100,"ix":11}},"ef":[],"w":1000,"h":1000,"refId":"comp_0","ind":4},{"ty":4,"nm":"Shape Layer 1","sr":1,"st":0,"op":389,"ip":0,"hd":false,"ddd":0,"bm":0,"hasMask":false,"ao":0,"ks":{"a":{"a":0,"k":[8,-24,0],"ix":1},"s":{"a":0,"k":[100,100,100],"ix":6},"sk":{"a":0,"k":0},"p":{"a":0,"k":[500,500,0],"ix":2},"r":{"a":0,"k":0,"ix":10},"sa":{"a":0,"k":0},"o":{"a":0,"k":100,"ix":11}},"ef":[],"shapes":[{"ty":"gr","bm":0,"hd":false,"mn":"ADBE Vector Group","nm":"Ellipse 1","ix":1,"cix":2,"np":2,"it":[{"ty":"el","bm":0,"hd":false,"mn":"ADBE Vector Shape - Ellipse","nm":"Ellipse Path 1","d":1,"p":{"a":0,"k":[0,0],"ix":3},"s":{"a":0,"k":[656,656],"ix":2}},{"ty":"fl","bm":0,"hd":false,"mn":"ADBE Vector Graphic - Fill","nm":"Fill 1","c":{"a":0,"k":[0.9137,0.9725,1],"ix":4},"r":1,"o":{"a":0,"k":100,"ix":5}},{"ty":"tr","a":{"a":0,"k":[0,0],"ix":1},"s":{"a":0,"k":[100,100],"ix":3},"sk":{"a":0,"k":0,"ix":4},"p":{"a":0,"k":[8,-24],"ix":2},"r":{"a":0,"k":0,"ix":6},"sa":{"a":0,"k":0,"ix":5},"o":{"a":0,"k":100,"ix":7}}]}],"ind":5}],"v":"5.7.3","fr":60,"op":360,"ip":0,"fonts":{"list":[{"ascent":78.0723145231605,"fClass":"","fFamily":"Segoe UI","fStyle":"Bold","fName":"SegoeUI-Bold","fPath":"","fWeight":"","origin":1}]},"assets":[{"nm":"","id":"comp_0","layers":[{"ty":4,"nm":"Shape Layer 2","sr":1,"st":0,"op":12391,"ip":0,"hd":false,"ddd":0,"bm":0,"hasMask":false,"ao":0,"ks":{"a":{"a":0,"k":[-1,175,0],"ix":1},"s":{"a":0,"k":[100,100,100],"ix":6},"sk":{"a":0,"k":0},"p":{"a":1,"k":[{"o":{"x":0.167,"y":0.167},"i":{"x":0.833,"y":0.833},"s":[499,675,0],"t":1170,"ti":[0,0,0],"to":[0,0,0]},{"o":{"x":0.167,"y":0.167},"i":{"x":0.833,"y":0.833},"s":[499,675,0],"t":1191,"ti":[0,0,0],"to":[0,0,0]},{"o":{"x":0.167,"y":0.167},"i":{"x":0.833,"y":0.833},"s":[499,675,0],"t":1485,"ti":[0,0,0],"to":[0,0,0]},{"o":{"x":0.167,"y":0.167},"i":{"x":0.833,"y":0.833},"s":[499,675,0],"t":1495,"ti":[0,0,0],"to":[0,0,0]},{"s":[499,675,0],"t":1560}],"ix":2},"r":{"a":1,"k":[{"o":{"x":0.388,"y":0},"i":{"x":0.724,"y":1},"s":[0],"t":1170},{"o":{"x":0.167,"y":0},"i":{"x":0.833,"y":1},"s":[0],"t":1191},{"o":{"x":0.226,"y":0},"i":{"x":0.574,"y":1},"s":[0],"t":1485},{"o":{"x":0.297,"y":0},"i":{"x":0.842,"y":1},"s":[0],"t":1495},{"s":[0],"t":1560}],"ix":10},"sa":{"a":0,"k":0},"o":{"a":0,"k":100,"ix":11}},"ef":[],"shapes":[{"ty":"gr","bm":0,"hd":false,"mn":"ADBE Vector Group","nm":"Group 1","ix":1,"cix":2,"np":5,"it":[{"ty":"gr","bm":0,"hd":false,"mn":"ADBE Vector Group","nm":"Rectangle 2","ix":1,"cix":2,"np":2,"it":[{"ty":"rc","bm":0,"hd":false,"mn":"ADBE Vector Shape - Rect","nm":"Rectangle Path 1","d":1,"p":{"a":0,"k":[0,0],"ix":3},"r":{"a":0,"k":87,"ix":4},"s":{"a":0,"k":[328,270],"ix":2}},{"ty":"st","bm":0,"hd":false,"mn":"ADBE Vector Graphic - Stroke","nm":"Stroke 1","lc":1,"lj":1,"ml":4,"o":{"a":0,"k":100,"ix":4},"w":{"a":0,"k":41,"ix":5},"c":{"a":0,"k":[0.9333,0.9373,0.9451],"ix":3}},{"ty":"tr","a":{"a":0,"k":[0,0],"ix":1},"s":{"a":0,"k":[100,100],"ix":3},"sk":{"a":0,"k":0,"ix":4},"p":{"a":0,"k":[-2,-1],"ix":2},"r":{"a":0,"k":0,"ix":6},"sa":{"a":0,"k":0,"ix":5},"o":{"a":0,"k":100,"ix":7}}]},{"ty":"gr","bm":0,"hd":false,"mn":"ADBE Vector Group","nm":"Rectangle 3","ix":2,"cix":2,"np":2,"it":[{"ty":"rc","bm":0,"hd":false,"mn":"ADBE Vector Shape - Rect","nm":"Rectangle Path 1","d":1,"p":{"a":0,"k":[0,0],"ix":3},"r":{"a":0,"k":87,"ix":4},"s":{"a":0,"k":[328,270],"ix":2}},{"ty":"st","bm":0,"hd":false,"mn":"ADBE Vector Graphic - Stroke","nm":"Stroke 1","lc":1,"lj":1,"ml":4,"o":{"a":0,"k":100,"ix":4},"w":{"a":0,"k":41,"ix":5},"c":{"a":0,"k":[0.8196,0.8275,0.8353],"ix":3}},{"ty":"tr","a":{"a":0,"k":[0,0],"ix":1},"s":{"a":0,"k":[100,100],"ix":3},"sk":{"a":0,"k":0,"ix":4},"p":{"a":0,"k":[-2,15],"ix":2},"r":{"a":0,"k":0,"ix":6},"sa":{"a":0,"k":0,"ix":5},"o":{"a":0,"k":100,"ix":7}}]},{"ty":"gr","bm":0,"hd":false,"mn":"ADBE Vector Group","nm":"Rectangle 4","ix":3,"cix":2,"np":4,"it":[{"ty":"sh","bm":0,"hd":false,"mn":"ADBE Vector Shape - Group","nm":"Path 2","ix":1,"d":1,"ks":{"a":1,"k":[{"o":{"x":0.333,"y":0},"i":{"x":0,"y":1},"s":[{"c":true,"i":[[-7.87,0],[0,-7.87],[7.87,0],[0,7.87]],"o":[[7.87,0],[0,7.87],[-7.87,0],[0,-7.87]],"v":[[57,-48.25],[71.25,-34],[57,-19.75],[42.75,-34]]}],"t":1170},{"o":{"x":0.333,"y":0},"i":{"x":0.833,"y":0.833},"s":[{"c":true,"i":[[-7.87,0],[0,-7.87],[7.87,0],[0,7.87]],"o":[[7.87,0],[0,7.87],[-7.87,0],[0,-7.87]],"v":[[57,-48.25],[71.25,-34],[57,-19.75],[42.75,-34]]}],"t":1191},{"o":{"x":0.167,"y":0.167},"i":{"x":0.833,"y":1},"s":[{"c":true,"i":[[-7.87,0],[0,-7.87],[7.87,0],[0,7.87]],"o":[[7.87,0],[0,7.87],[-7.87,0],[0,-7.87]],"v":[[57,-48.25],[71.25,-34],[57,-19.75],[42.75,-34]]}],"t":1228},{"o":{"x":0.167,"y":0},"i":{"x":0,"y":1},"s":[{"c":true,"i":[[-7.87,0],[0.132,-2.526],[7.87,0],[0,4.527]],"o":[[7.87,0],[-0.25,4.77],[-7.87,0],[0,-1.73]],"v":[[57,-35.5],[71.25,-34],[57,-30.5],[42.75,-34]]}],"t":1238},{"o":{"x":0.167,"y":0.167},"i":{"x":0.833,"y":0.833},"s":[{"c":true,"i":[[-7.87,0],[0,-7.87],[7.87,0],[0,7.87]],"o":[[7.87,0],[0,7.87],[-7.87,0],[0,-7.87]],"v":[[57,-48.25],[71.25,-34],[57,-19.75],[42.75,-34]]}],"t":1252},{"o":{"x":0.167,"y":0.167},"i":{"x":0.833,"y":1},"s":[{"c":true,"i":[[-7.87,0],[0,-7.87],[7.87,0],[0,7.87]],"o":[[7.87,0],[0,7.87],[-7.87,0],[0,-7.87]],"v":[[57,-48.25],[71.25,-34],[57,-19.75],[42.75,-34]]}],"t":1428},{"o":{"x":0.167,"y":0},"i":{"x":0,"y":1},"s":[{"c":true,"i":[[-7.87,0],[0.132,-2.526],[7.87,0],[0,4.527]],"o":[[7.87,0],[-0.25,4.77],[-7.87,0],[0,-1.73]],"v":[[57,-35.5],[71.25,-34],[57,-30.5],[42.75,-34]]}],"t":1438},{"o":{"x":0.167,"y":0.167},"i":{"x":0.833,"y":1},"s":[{"c":true,"i":[[-7.87,0],[0,-7.87],[7.87,0],[0,7.87]],"o":[[7.87,0],[0,7.87],[-7.87,0],[0,-7.87]],"v":[[57,-48.25],[71.25,-34],[57,-19.75],[42.75,-34]]}],"t":1452},{"o":{"x":0.167,"y":0},"i":{"x":0.833,"y":1},"s":[{"c":true,"i":[[-7.87,0],[0,-7.87],[7.87,0],[0,7.87]],"o":[[7.87,0],[0,7.87],[-7.87,0],[0,-7.87]],"v":[[57,-48.25],[71.25,-34],[57,-19.75],[42.75,-34]]}],"t":1472},{"o":{"x":0.167,"y":0},"i":{"x":0.667,"y":1},"s":[{"c":true,"i":[[-7.87,0],[0.132,-2.526],[7.87,0],[0,4.527]],"o":[[7.87,0],[-0.25,4.77],[-7.87,0],[0,-1.73]],"v":[[57,-35.5],[71.25,-34],[57,-30.5],[42.75,-34]]}],"t":1480},{"o":{"x":0.333,"y":0},"i":{"x":0.833,"y":1},"s":[{"c":true,"i":[[-7.87,0],[0,-7.87],[7.87,0],[0,7.87]],"o":[[7.87,0],[0,7.87],[-7.87,0],[0,-7.87]],"v":[[57,-48.25],[71.25,-34],[57,-19.75],[42.75,-34]]}],"t":1495},{"s":[{"c":true,"i":[[-7.87,0],[0,-7.87],[7.87,0],[0,7.87]],"o":[[7.87,0],[0,7.87],[-7.87,0],[0,-7.87]],"v":[[57,-48.25],[71.25,-34],[57,-19.75],[42.75,-34]]}],"t":1560}],"ix":2}},{"ty":"sh","bm":0,"hd":false,"mn":"ADBE Vector Shape - Group","nm":"Path 3","ix":2,"d":1,"ks":{"a":1,"k":[{"o":{"x":0.333,"y":0},"i":{"x":0,"y":1},"s":[{"c":true,"i":[[-7.87,0],[0,-7.87],[7.87,0],[0,7.87]],"o":[[7.87,0],[0,7.87],[-7.87,0],[0,-7.87]],"v":[[-59,-48.25],[-44.75,-34],[-59,-19.75],[-73.25,-34]]}],"t":1170},{"o":{"x":0.333,"y":0},"i":{"x":0.833,"y":0.833},"s":[{"c":true,"i":[[-7.87,0],[0,-7.87],[7.87,0],[0,7.87]],"o":[[7.87,0],[0,7.87],[-7.87,0],[0,-7.87]],"v":[[-59,-48.25],[-44.75,-34],[-59,-19.75],[-73.25,-34]]}],"t":1191},{"o":{"x":0.167,"y":0.167},"i":{"x":0.833,"y":1},"s":[{"c":true,"i":[[-7.87,0],[0,-7.87],[7.87,0],[0,7.87]],"o":[[7.87,0],[0,7.87],[-7.87,0],[0,-7.87]],"v":[[-59,-48.25],[-44.75,-34],[-59,-19.75],[-73.25,-34]]}],"t":1228},{"o":{"x":0.167,"y":0},"i":{"x":0,"y":1},"s":[{"c":true,"i":[[-7.87,0],[-0.145,-2.772],[7.87,0],[0,4.27]],"o":[[7.87,0],[0.25,4.77],[-7.87,0],[0,-2.285]],"v":[[-59,-35.5],[-44.75,-34],[-59,-30.5],[-73.25,-34]]}],"t":1238},{"o":{"x":0.167,"y":0.167},"i":{"x":0.833,"y":0.833},"s":[{"c":true,"i":[[-7.87,0],[0,-7.87],[7.87,0],[0,7.87]],"o":[[7.87,0],[0,7.87],[-7.87,0],[0,-7.87]],"v":[[-59,-48.25],[-44.75,-34],[-59,-19.75],[-73.25,-34]]}],"t":1252},{"o":{"x":0.167,"y":0.167},"i":{"x":0.833,"y":1},"s":[{"c":true,"i":[[-7.87,0],[0,-7.87],[7.87,0],[0,7.87]],"o":[[7.87,0],[0,7.87],[-7.87,0],[0,-7.87]],"v":[[-59,-48.25],[-44.75,-34],[-59,-19.75],[-73.25,-34]]}],"t":1428},{"o":{"x":0.167,"y":0},"i":{"x":0,"y":1},"s":[{"c":true,"i":[[-7.87,0],[-0.145,-2.772],[7.87,0],[0,4.27]],"o":[[7.87,0],[0.25,4.77],[-7.87,0],[0,-2.285]],"v":[[-59,-35.5],[-44.75,-34],[-59,-30.5],[-73.25,-34]]}],"t":1438},{"o":{"x":0.167,"y":0.167},"i":{"x":0.833,"y":1},"s":[{"c":true,"i":[[-7.87,0],[0,-7.87],[7.87,0],[0,7.87]],"o":[[7.87,0],[0,7.87],[-7.87,0],[0,-7.87]],"v":[[-59,-48.25],[-44.75,-34],[-59,-19.75],[-73.25,-34]]}],"t":1452},{"o":{"x":0.167,"y":0},"i":{"x":0.833,"y":1},"s":[{"c":true,"i":[[-7.87,0],[0,-7.87],[7.87,0],[0,7.87]],"o":[[7.87,0],[0,7.87],[-7.87,0],[0,-7.87]],"v":[[-59,-48.25],[-44.75,-34],[-59,-19.75],[-73.25,-34]]}],"t":1472},{"o":{"x":0.167,"y":0},"i":{"x":0.667,"y":1},"s":[{"c":true,"i":[[-7.87,0],[-0.145,-2.772],[7.87,0],[0,4.27]],"o":[[7.87,0],[0.25,4.77],[-7.87,0],[0,-2.285]],"v":[[-59,-35.5],[-44.75,-34],[-59,-30.5],[-73.25,-34]]}],"t":1480},{"o":{"x":0.333,"y":0},"i":{"x":0.833,"y":1},"s":[{"c":true,"i":[[-7.87,0],[0,-7.87],[7.87,0],[0,7.87]],"o":[[7.87,0],[0,7.87],[-7.87,0],[0,-7.87]],"v":[[-59,-48.25],[-44.75,-34],[-59,-19.75],[-73.25,-34]]}],"t":1495},{"s":[{"c":true,"i":[[-7.87,0],[0,-7.87],[7.87,0],[0,7.87]],"o":[[7.87,0],[0,7.87],[-7.87,0],[0,-7.87]],"v":[[-59,-48.25],[-44.75,-34],[-59,-19.75],[-73.25,-34]]}],"t":1560}],"ix":2}},{"ty":"sh","bm":0,"hd":false,"mn":"ADBE Vector Shape - Group","nm":"Path 1","ix":3,"d":1,"ks":{"a":1,"k":[{"o":{"x":0.333,"y":0},"i":{"x":0,"y":1},"s":[{"c":true,"i":[[0,-7.353],[25.185,0],[0,0],[0,25.185],[0,0],[0,0]],"o":[[0,25.185],[0,0],[-25.185,0],[0,-6.25],[0,0],[0,0]],"v":[[47.5,0],[1.899,45.601],[-1.899,45.601],[-47.5,0],[-42.226,-7.326],[42.323,-7.447]]}],"t":1170},{"o":{"x":0.333,"y":0},"i":{"x":0.833,"y":0.833},"s":[{"c":true,"i":[[0.105,-5.391],[10.587,0],[0,0],[0.212,5.376],[-9.688,0.35],[-0.897,-0.01]],"o":[[-0.105,5.377],[0,0],[-10.587,0],[-0.21,-5.337],[0.896,-0.032],[9.121,0.102]],"v":[[22.77,-0.002],[3.921,-0.876],[2.324,-0.876],[-17.165,-0.002],[1.063,-8.975],[3.754,-8.977]]}],"t":1191},{"o":{"x":0.167,"y":0.167},"i":{"x":0.23,"y":1},"s":[{"c":true,"i":[[0.105,-5.391],[10.587,0],[0,0],[0.212,5.376],[-9.688,0.35],[-0.897,-0.01]],"o":[[-0.105,5.377],[0,0],[-10.587,0],[-0.21,-5.337],[0.896,-0.032],[9.121,0.102]],"v":[[22.77,-0.002],[3.921,-0.876],[2.324,-0.876],[-17.165,-0.002],[1.063,-8.975],[3.754,-8.977]]}],"t":1228},{"o":{"x":0.167,"y":0.167},"i":{"x":0.833,"y":1},"s":[{"c":true,"i":[[0.105,-5.391],[10.587,0],[0,0],[0.212,5.376],[-9.688,0.35],[-0.897,-0.01]],"o":[[-0.105,5.377],[0,0],[-10.587,0],[-0.21,-5.337],[0.896,-0.032],[9.121,0.102]],"v":[[22.77,-0.002],[3.921,-0.876],[2.324,-0.876],[-17.165,-0.002],[1.063,-8.975],[3.754,-8.977]]}],"t":1414},{"o":{"x":0.167,"y":0},"i":{"x":0.667,"y":1},"s":[{"c":true,"i":[[0.105,-5.391],[10.587,0],[0,0],[0.212,5.376],[-9.688,0.35],[-0.897,-0.01]],"o":[[-0.105,5.377],[0,0],[-10.587,0],[-0.21,-5.337],[0.896,-0.032],[9.121,0.102]],"v":[[22.77,-0.002],[3.921,-0.876],[2.324,-0.876],[-17.165,-0.002],[1.063,-8.975],[3.754,-8.977]]}],"t":1472},{"o":{"x":0.333,"y":0},"i":{"x":0.833,"y":1},"s":[{"c":true,"i":[[0,-7.353],[25.185,0],[0,0],[0,25.185],[0,0],[0,0]],"o":[[0,25.185],[0,0],[-25.185,0],[0,-6.25],[0,0],[0,0]],"v":[[47.5,0],[1.899,45.601],[-1.899,45.601],[-47.5,0],[-42.226,-7.326],[42.323,-7.447]]}],"t":1495},{"s":[{"c":true,"i":[[0,-7.353],[25.185,0],[0,0],[0,25.185],[0,0],[0,0]],"o":[[0,25.185],[0,0],[-25.185,0],[0,-6.25],[0,0],[0,0]],"v":[[47.5,0],[1.899,45.601],[-1.899,45.601],[-47.5,0],[-42.226,-7.326],[42.323,-7.447]]}],"t":1560}],"ix":2}},{"ty":"fl","bm":0,"hd":false,"mn":"ADBE Vector Graphic - Fill","nm":"Fill 1","c":{"a":1,"k":[{"o":{"x":0.333,"y":0},"i":{"x":0,"y":1},"s":[0.2941,0.9294,0.8706],"t":1170},{"o":{"x":0.333,"y":0},"i":{"x":0,"y":1},"s":[0.2941,0.9294,0.8706],"t":1191},{"o":{"x":0.167,"y":0},"i":{"x":0.667,"y":1},"s":[0.2941,0.9294,0.8706],"t":1472},{"o":{"x":0.333,"y":0},"i":{"x":0.667,"y":1},"s":[0.2941,0.9294,0.8706],"t":1495},{"s":[0.2941,0.9294,0.8706],"t":1560}],"ix":4},"r":1,"o":{"a":0,"k":100,"ix":5}},{"ty":"tr","a":{"a":0,"k":[0,0],"ix":1},"s":{"a":0,"k":[100,100],"ix":3},"sk":{"a":1,"k":[{"o":{"x":0.333,"y":0},"i":{"x":0,"y":1},"s":[0],"t":1170},{"o":{"x":0.333,"y":0},"i":{"x":0.833,"y":1},"s":[0],"t":1191},{"o":{"x":0.167,"y":0},"i":{"x":0.667,"y":1},"s":[0],"t":1472},{"o":{"x":0.333,"y":0},"i":{"x":0.833,"y":1},"s":[0],"t":1495},{"s":[0],"t":1560}],"ix":4},"p":{"a":1,"k":[{"o":{"x":0.167,"y":0.167},"i":{"x":0.833,"y":0.833},"s":[1.5,31.98],"t":1170,"ti":[0,0],"to":[0,0]},{"o":{"x":0.167,"y":0.167},"i":{"x":0.833,"y":0.833},"s":[1.5,31.98],"t":1191,"ti":[0,0],"to":[0,0]},{"o":{"x":0.44,"y":0},"i":{"x":0.42,"y":1},"s":[1.5,31.98],"t":1228,"ti":[0,0],"to":[0,0]},{"o":{"x":0.44,"y":0},"i":{"x":0.42,"y":1},"s":[-9.5,31.98],"t":1251,"ti":[0,0],"to":[0,0]},{"o":{"x":0.44,"y":0},"i":{"x":0.42,"y":1},"s":[12.5,31.98],"t":1266,"ti":[0,0],"to":[0,0]},{"o":{"x":0.44,"y":0},"i":{"x":0.42,"y":1},"s":[-9.5,31.98],"t":1282,"ti":[0,0],"to":[0,0]},{"o":{"x":0.44,"y":0},"i":{"x":0.42,"y":1},"s":[12.5,31.98],"t":1300,"ti":[0,0],"to":[0,0]},{"o":{"x":0.44,"y":0},"i":{"x":0.42,"y":1},"s":[-9.5,31.98],"t":1316,"ti":[0,0],"to":[0,0]},{"o":{"x":0.44,"y":0},"i":{"x":0.42,"y":1},"s":[12.5,31.98],"t":1332,"ti":[0,0],"to":[0,0]},{"o":{"x":0.44,"y":0},"i":{"x":0.42,"y":1},"s":[-9.5,31.98],"t":1348,"ti":[0,0],"to":[0,0]},{"o":{"x":0.44,"y":0},"i":{"x":0.42,"y":1},"s":[12.5,31.98],"t":1366,"ti":[0,0],"to":[0,0]},{"o":{"x":0.44,"y":0},"i":{"x":0.307,"y":1},"s":[-9.5,31.98],"t":1387,"ti":[0,0],"to":[0,0]},{"o":{"x":0.167,"y":0.167},"i":{"x":0.833,"y":0.833},"s":[1.5,31.98],"t":1413,"ti":[0,0],"to":[0,0]},{"o":{"x":0.167,"y":0.167},"i":{"x":0.833,"y":0.833},"s":[1.5,31.98],"t":1472,"ti":[0,0],"to":[0,0]},{"o":{"x":0.167,"y":0.167},"i":{"x":0.833,"y":0.833},"s":[1.5,31.98],"t":1495,"ti":[0,0],"to":[0,0]},{"s":[1.5,31.98],"t":1560}],"ix":2},"r":{"a":1,"k":[{"o":{"x":0.333,"y":0},"i":{"x":0,"y":1},"s":[0],"t":1170},{"o":{"x":0.333,"y":0},"i":{"x":0.833,"y":1},"s":[0],"t":1191},{"o":{"x":0.167,"y":0},"i":{"x":0.667,"y":1},"s":[0],"t":1472},{"o":{"x":0.333,"y":0},"i":{"x":0.833,"y":1},"s":[0],"t":1495},{"s":[0],"t":1560}],"ix":6},"sa":{"a":0,"k":0,"ix":5},"o":{"a":1,"k":[{"o":{"x":0.329,"y":0},"i":{"x":0.738,"y":1},"s":[100],"t":1170},{"o":{"x":0.423,"y":0},"i":{"x":0.769,"y":1},"s":[100],"t":1495},{"s":[100],"t":1560}],"ix":7}}]},{"ty":"gr","bm":0,"hd":false,"mn":"ADBE Vector Group","nm":"Rectangle 5","ix":4,"cix":2,"np":2,"it":[{"ty":"rc","bm":0,"hd":false,"mn":"ADBE Vector Shape - Rect","nm":"Rectangle Path 1","d":1,"p":{"a":0,"k":[0,0],"ix":3},"r":{"a":0,"k":87,"ix":4},"s":{"a":0,"k":[328,270],"ix":2}},{"ty":"fl","bm":0,"hd":false,"mn":"ADBE Vector Graphic - Fill","nm":"Fill 1","c":{"a":0,"k":[0.2118,0.2235,0.2902],"ix":4},"r":1,"o":{"a":0,"k":100,"ix":5}},{"ty":"tr","a":{"a":0,"k":[0,0],"ix":1},"s":{"a":0,"k":[100,100],"ix":3},"sk":{"a":0,"k":0,"ix":4},"p":{"a":0,"k":[-2,15],"ix":2},"r":{"a":0,"k":0,"ix":6},"sa":{"a":0,"k":0,"ix":5},"o":{"a":0,"k":100,"ix":7}}]},{"ty":"gr","bm":0,"hd":false,"mn":"ADBE Vector Group","nm":"Rectangle 1","ix":5,"cix":2,"np":6,"it":[{"ty":"rc","bm":0,"hd":false,"mn":"ADBE Vector Shape - Rect","nm":"Rectangle Path 2","d":1,"p":{"a":0,"k":[-172,-184],"ix":3},"r":{"a":0,"k":87,"ix":4},"s":{"a":0,"k":[35,35],"ix":2}},{"ty":"rc","bm":0,"hd":false,"mn":"ADBE Vector Shape - Rect","nm":"Rectangle Path 4","d":1,"p":{"a":0,"k":[172,-184],"ix":3},"r":{"a":0,"k":87,"ix":4},"s":{"a":0,"k":[35,35],"ix":2}},{"ty":"fl","bm":0,"hd":false,"mn":"ADBE Vector Graphic - Fill","nm":"Fill 2","c":{"a":0,"k":[0.7529,0.7608,0.7725],"ix":4},"r":1,"o":{"a":0,"k":100,"ix":5}},{"ty":"rc","bm":0,"hd":false,"mn":"ADBE Vector Shape - Rect","nm":"Rectangle Path 1","d":1,"p":{"a":0,"k":[-172,-70],"ix":3},"r":{"a":0,"k":87,"ix":4},"s":{"a":0,"k":[14,238.018],"ix":2}},{"ty":"rc","bm":0,"hd":false,"mn":"ADBE Vector Shape - Rect","nm":"Rectangle Path 3","d":1,"p":{"a":0,"k":[172,-70],"ix":3},"r":{"a":0,"k":87,"ix":4},"s":{"a":0,"k":[14,238.018],"ix":2}},{"ty":"fl","bm":0,"hd":false,"mn":"ADBE Vector Graphic - Fill","nm":"Fill 1","c":{"a":0,"k":[0.9294,0.9373,0.9216],"ix":4},"r":1,"o":{"a":0,"k":100,"ix":5}},{"ty":"tr","a":{"a":0,"k":[0,0],"ix":1},"s":{"a":0,"k":[100,100],"ix":3},"sk":{"a":0,"k":0,"ix":4},"p":{"a":0,"k":[-2,15],"ix":2},"r":{"a":0,"k":0,"ix":6},"sa":{"a":0,"k":0,"ix":5},"o":{"a":0,"k":100,"ix":7}}]},{"ty":"tr","a":{"a":0,"k":[0,118],"ix":1},"s":{"a":0,"k":[100,100],"ix":3},"sk":{"a":0,"k":0,"ix":4},"p":{"a":1,"k":[{"o":{"x":0.167,"y":0.167},"i":{"x":0.833,"y":0.833},"s":[0,118],"t":1170,"ti":[0,0],"to":[0,0]},{"o":{"x":0.167,"y":0.167},"i":{"x":0.833,"y":0.833},"s":[0,118],"t":1191,"ti":[0,0],"to":[0,0]},{"o":{"x":0.44,"y":0},"i":{"x":0.42,"y":1},"s":[0,118],"t":1228,"ti":[0,0],"to":[0,0]},{"o":{"x":0.44,"y":0},"i":{"x":0.42,"y":1},"s":[-8,118],"t":1251,"ti":[0,0],"to":[0,0]},{"o":{"x":0.44,"y":0},"i":{"x":0.42,"y":1},"s":[8,118],"t":1266,"ti":[0,0],"to":[0,0]},{"o":{"x":0.44,"y":0},"i":{"x":0.42,"y":1},"s":[-8,118],"t":1282,"ti":[0,0],"to":[0,0]},{"o":{"x":0.44,"y":0},"i":{"x":0.42,"y":1},"s":[8,118],"t":1300,"ti":[0,0],"to":[0,0]},{"o":{"x":0.44,"y":0},"i":{"x":0.42,"y":1},"s":[-8,118],"t":1316,"ti":[0,0],"to":[0,0]},{"o":{"x":0.44,"y":0},"i":{"x":0.42,"y":1},"s":[8,118],"t":1332,"ti":[0,0],"to":[0,0]},{"o":{"x":0.44,"y":0},"i":{"x":0.42,"y":1},"s":[-8,118],"t":1348,"ti":[0,0],"to":[0,0]},{"o":{"x":0.44,"y":0},"i":{"x":0.42,"y":1},"s":[8,118],"t":1366,"ti":[0,0],"to":[0,0]},{"o":{"x":0.44,"y":0},"i":{"x":0.42,"y":1},"s":[-8,118],"t":1387,"ti":[0,0],"to":[0,0]},{"o":{"x":0.167,"y":0.167},"i":{"x":0.833,"y":0.833},"s":[0,118],"t":1413,"ti":[0,0],"to":[0,0]},{"o":{"x":0.167,"y":0.167},"i":{"x":0.833,"y":0.833},"s":[0,118],"t":1485,"ti":[0,0],"to":[0,0]},{"o":{"x":0.167,"y":0.167},"i":{"x":0.833,"y":0.833},"s":[0,118],"t":1495,"ti":[0,0],"to":[0,0]},{"s":[0,118],"t":1560}],"ix":2},"r":{"a":1,"k":[{"o":{"x":0.388,"y":0},"i":{"x":0.724,"y":1},"s":[0],"t":1170},{"o":{"x":0.167,"y":0},"i":{"x":0.833,"y":1},"s":[0],"t":1191},{"o":{"x":0.226,"y":0},"i":{"x":0.574,"y":1},"s":[0],"t":1485},{"o":{"x":0.297,"y":0},"i":{"x":0.842,"y":1},"s":[0],"t":1495},{"s":[0],"t":1560}],"ix":6},"sa":{"a":0,"k":0,"ix":5},"o":{"a":0,"k":100,"ix":7}}]},{"ty":"gr","bm":0,"hd":false,"mn":"ADBE Vector Group","nm":"Rectangle 6","ix":2,"cix":2,"np":3,"it":[{"ty":"rc","bm":0,"hd":false,"mn":"ADBE Vector Shape - Rect","nm":"Rectangle Path 1","d":1,"p":{"a":1,"k":[{"o":{"x":0.167,"y":0.167},"i":{"x":0.833,"y":0.833},"s":[0,0],"t":1170,"ti":[0,0],"to":[0,0]},{"o":{"x":0.167,"y":0.167},"i":{"x":0.833,"y":0.833},"s":[0,0],"t":1191,"ti":[0,0],"to":[0,0]},{"o":{"x":0.167,"y":0.167},"i":{"x":0.833,"y":0.833},"s":[0,0],"t":1485,"ti":[0,0],"to":[0,0]},{"o":{"x":0.167,"y":0.167},"i":{"x":0.833,"y":0.833},"s":[0,0],"t":1495,"ti":[0,0],"to":[0,0]},{"s":[0,0],"t":1560}],"ix":3},"r":{"a":0,"k":87,"ix":4},"s":{"a":0,"k":[426,93.018],"ix":2}},{"ty":"rc","bm":0,"hd":false,"mn":"ADBE Vector Shape - Rect","nm":"Rectangle Path 2","d":1,"p":{"a":1,"k":[{"o":{"x":0.167,"y":0.167},"i":{"x":0.833,"y":0.833},"s":[0,101],"t":1170,"ti":[0,0],"to":[0,0]},{"o":{"x":0.167,"y":0.167},"i":{"x":0.833,"y":0.833},"s":[0,101],"t":1191,"ti":[0,0],"to":[0,0]},{"o":{"x":0.167,"y":0.167},"i":{"x":0.833,"y":0.833},"s":[0,101],"t":1485,"ti":[0,0],"to":[0,0]},{"o":{"x":0.167,"y":0.167},"i":{"x":0.833,"y":0.833},"s":[0,101],"t":1495,"ti":[0,0],"to":[0,0]},{"s":[0,101],"t":1560}],"ix":3},"r":{"a":0,"k":87,"ix":4},"s":{"a":0,"k":[200,175.018],"ix":2}},{"ty":"fl","bm":0,"hd":false,"mn":"ADBE Vector Graphic - Fill","nm":"Fill 1","c":{"a":0,"k":[0.7529,0.7608,0.7725],"ix":4},"r":1,"o":{"a":0,"k":100,"ix":5}},{"ty":"tr","a":{"a":0,"k":[0,0],"ix":1},"s":{"a":0,"k":[100,100],"ix":3},"sk":{"a":0,"k":0,"ix":4},"p":{"a":0,"k":[-2,15],"ix":2},"r":{"a":0,"k":0,"ix":6},"sa":{"a":0,"k":0,"ix":5},"o":{"a":0,"k":100,"ix":7}}]}],"ind":1},{"ty":4,"nm":"Shape Layer 1","sr":1,"st":0,"op":12391,"ip":0,"hd":false,"ddd":0,"bm":0,"hasMask":false,"ao":0,"ks":{"a":{"a":0,"k":[0,0,0],"ix":1},"s":{"a":0,"k":[100,100,100],"ix":6},"sk":{"a":0,"k":0},"p":{"a":0,"k":[500,500,0],"ix":2},"r":{"a":0,"k":0,"ix":10},"sa":{"a":0,"k":0},"o":{"a":0,"k":100,"ix":11}},"ef":[],"shapes":[{"ty":"gr","bm":0,"hd":false,"mn":"ADBE Vector Group","nm":"Rectangle 2","ix":1,"cix":2,"np":2,"it":[{"ty":"rc","bm":0,"hd":false,"mn":"ADBE Vector Shape - Rect","nm":"Rectangle Path 2","d":1,"p":{"a":0,"k":[0,264],"ix":3},"r":{"a":0,"k":191,"ix":4},"s":{"a":0,"k":[200,252.018],"ix":2}},{"ty":"fl","bm":0,"hd":false,"mn":"ADBE Vector Graphic - Fill","nm":"Fill 1","c":{"a":0,"k":[0.8431,0.851,0.8784],"ix":4},"r":1,"o":{"a":0,"k":100,"ix":5}},{"ty":"tr","a":{"a":0,"k":[0,0],"ix":1},"s":{"a":0,"k":[100,100],"ix":3},"sk":{"a":0,"k":0,"ix":4},"p":{"a":0,"k":[-2,15],"ix":2},"r":{"a":0,"k":0,"ix":6},"sa":{"a":0,"k":0,"ix":5},"o":{"a":0,"k":100,"ix":7}}]},{"ty":"gr","bm":0,"hd":false,"mn":"ADBE Vector Group","nm":"Rectangle 1","ix":2,"cix":2,"np":2,"it":[{"ty":"rc","bm":0,"hd":false,"mn":"ADBE Vector Shape - Rect","nm":"Rectangle Path 2","d":1,"p":{"a":0,"k":[0,281],"ix":3},"r":{"a":0,"k":191,"ix":4},"s":{"a":0,"k":[300,298.018],"ix":2}},{"ty":"fl","bm":0,"hd":false,"mn":"ADBE Vector Graphic - Fill","nm":"Fill 1","c":{"a":0,"k":[1,1,1],"ix":4},"r":1,"o":{"a":0,"k":100,"ix":5}},{"ty":"tr","a":{"a":0,"k":[0,0],"ix":1},"s":{"a":0,"k":[100,100],"ix":3},"sk":{"a":0,"k":0,"ix":4},"p":{"a":0,"k":[-2,15],"ix":2},"r":{"a":0,"k":0,"ix":6},"sa":{"a":0,"k":0,"ix":5},"o":{"a":0,"k":100,"ix":7}}]}],"ind":2}]}]}